,74721
131651,@,74723,66991
131652,@,74724,74727
131653,@,74725,74724
131654,@,74726,74724
131655,@,74727,66521
131656,@,74729,74727
131657,@,74730,74727
131658,@,74731,66567
131659,@,74732,74727
131660,@,74733,74727
131661,@,74734,74733
131662,@,74735,74733
131663,@,74736,74738
131664,@,74737,74738
131665,@,74738,74727
131666,@,74739,74755
131667,@,74740,74741
131668,>,74741,74755
131669,@,74741,74118
131670,@,74742,74157
131671,@,74743,72584
131672,@,74744,74743
131673,@,74745,74744
131674,@,74747,74129
131675,@,74748,72584
131676,@,74749,72584
131677,@,74750,72584
131678,@,74751,74752
131679,@,74752,66521
131680,>,74753,74752
131681,@,74754,74736
131682,@,74755,74658
131683,@,74756,74755
131684,@,74757,74650
131685,@,74758,74757
131686,@,74759,74757
131687,@,74760,74757
131688,@,74761,74757
131689,@,74762,67855
131690,@,74763,74755
131691,*,74764,74364
131692,@,74765,74066
131693,@,74766,74765
131694,@,74767,74052
131695,@,74768,70554
131696,@,74769,74066
131697,@,74770,74769
131698,@,74771,74769
131699,@,74772,74771
131700,@,74773,74769
131701,@,74774,74207
131702,@,74775,74769
131703,@,74776,74118
131704,@,74777,74776
131705,@,74778,67304
131706,@,74779,74066
131707,@,74780,74354
131708,@,74781,74066
131709,@,74782,75010
131710,@,74784,74066
131711,@,74785,74784
131712,@,74786,74784
131713,@,74787,75081
131714,@,74788,74357
131715,@,74789,74788
131716,@,74790,74066
131717,@,74791,74790
131718,>,74792,74790
131719,@,74793,74779
131720,@,74794,74797
131721,@,74795,74797
131722,@,74796,74066
131723,@,74797,74066
131724,@,74798,74898
131725,*,74798,74797
131726,@,74799,74798
131727,@,74800,74898
131728,@,74802,74066
131729,@,74803,74802
131730,@,74805,74804
131731,@,74806,74804
131732,@,74807,74806
131733,@,74808,74066
131734,@,74809,74797
131735,@,74810,74797
131736,@,74811,74808
131737,@,74812,74814
131738,@,74813,74811
131739,@,74814,74118
131740,@,74815,74814
131741,@,74816,74814
131742,@,74817,74811
131743,@,74818,74808
131744,@,74819,74811
131745,@,74820,74823
131746,@,74822,74823
131747,@,74719,74052
131748,@,74825,74823
131749,@,74826,74823
131750,@,74827,74823
131751,@,74829,74887
131752,@,74830,74828
131753,@,74831,74828
131754,@,74832,74831
131755,@,74833,74898
131756,*,74835,74649
131757,@,74835,74898
131758,@,74836,74835
131759,@,74837,74898
131760,@,74838,74844
131761,@,74839,74838
131762,@,74840,74838
131763,@,74841,74844
131764,@,74843,74838
131765,@,74845,74844
131766,@,74846,74844
131767,@,74847,74844
131768,@,74848,74844
131769,@,74849,74844
131770,@,74850,74844
131771,@,74851,74844
131772,@,74852,74844
131773,@,74853,74066
131774,@,74855,74856
131775,@,74856,74118
131776,@,74857,74856
131777,@,74858,74856
131778,@,74859,74856
131779,@,74860,74856
131780,@,74861,74856
131781,@,74862,74118
131782,@,74863,74862
131783,@,74864,74052
131784,>,74865,74134
131785,@,74865,74862
131786,@,74866,74844
131787,@,74867,74866
131788,@,74868,74866
131789,@,74869,74866
131790,@,74870,74866
131791,@,74871,74844
131792,@,74873,74052
131793,@,74874,74873
131794,@,74875,74874
131795,@,74876,74874
131796,@,74877,74873
131797,@,74879,74878
131798,@,74880,74828
131799,@,74881,74838
131800,@,74882,74878
131801,@,74883,74878
131802,@,74884,75058
131803,@,74885,74878
131804,@,74886,74702
131805,@,74887,74885
131806,@,74888,74878
131807,@,74889,74888
131808,@,74890,74888
131809,@,74891,74888
131810,@,74893,75039
131811,@,74894,75039
131812,@,74895,74878
131813,@,74896,74895
131814,@,74897,70796
131815,*,74898,74066
131816,@,74899,74898
131817,@,74900,74898
131818,@,74901,74898
131819,@,74902,74898
131820,@,74903,77073
131821,@,74904,74898
131822,>,74905,74904
131823,@,74905,75220
131824,*,74906,74066
131825,@,74906,77081
131826,@,74907,71624
131827,@,74908,74907
131828,@,74911,74910
131829,@,74912,74052
131830,@,74913,74912
131831,@,74914,74932
131832,@,74915,74914
131833,@,74916,76640
131834,@,74917,74916
131835,@,74918,74916
131836,@,74919,74912
131837,@,74920,74066
131838,@,74921,74066
131839,@,74922,74921
131840,@,74923,74921
131841,@,74924,74922
131842,@,74925,74922
131843,@,74926,74922
131844,*,74926,70805
131845,@,74927,74922
131846,@,74928,70805
131847,@,74824,74823
131848,@,74930,74919
131849,@,74931,74919
131850,@,74932,74912
131851,@,74933,74932
131852,@,74934,74935
131853,@,74935,74938
131854,@,74936,74932
131855,@,74937,74932
131856,@,74939,74945
131857,@,74940,74939
131858,@,74941,74939
131859,@,74942,74945
131860,@,74943,74945
131861,@,74944,74942
131862,@,74945,74052
131863,@,74946,74950
131864,@,74947,74950
131865,@,74948,75158
131866,@,74949,74947
131867,@,74951,74950
131868,@,74952,74950
131869,@,74953,74952
131870,@,74954,72423
131871,@,74955,72051
131872,@,74956,74052
131873,@,74957,74907
131874,@,74959,74364
131875,@,74960,74364
131876,@,74961,74960
131877,@,74962,74364
131878,@,74963,74960
131879,@,74964,74364
131880,@,74965,74364
131881,@,74966,74973
131882,@,74967,74966
131883,@,74968,74973
131884,@,74970,74968
131885,*,74971,74973
131886,@,74971,74727
131887,@,74972,74727
131888,@,74973,66594
131889,@,74974,74743
131890,*,74975,77543
131891,@,74975,72822
131892,@,74977,67029
131893,@,74978,74983
131894,@,74979,74978
131895,@,74980,74978
131896,@,74981,74978
131897,@,74982,74983
131898,@,74983,74973
131899,@,74984,74983
131900,@,74985,74984
131901,@,74986,74987
131902,@,74987,74366
131903,@,74988,74989
131904,@,74989,74684
131905,@,74990,75115
131906,*,74990,71557
131907,@,74991,74727
131908,@,74992,74991
131909,@,74993,74991
131910,@,74995,74667
131911,@,74996,67128
131912,@,74997,74536
131913,@,74998,74997
131914,@,74999,74066
131915,@,75000,66592
131916,@,75001,71713
131917,@,75002,74066
131918,@,75003,75118
131919,>,75004,75003
131920,@,75004,74118
131921,@,75005,75004
131922,@,75006,74118
131923,@,75007,75006
131924,@,75008,75007
131925,@,75009,75006
131926,@,75010,75011
131927,@,75011,74066
131928,@,75013,75011
131929,@,75014,75011
131930,@,75015,74066
131931,@,75016,75264
131932,@,75017,74364
131933,@,75018,72967
131934,>,75019,75016
131935,@,75019,74364
131936,@,75020,75016
131937,@,75021,75020
131938,@,75022,74581
131939,@,75023,74364
131940,@,75024,75016
131941,@,75025,75024
131942,@,75026,75121
131943,@,75027,75118
131944,@,75028,74052
131945,@,75029,75019
131946,@,75031,75023
131947,@,74929,74921
131948,@,75034,75016
131949,@,75035,74364
131950,@,75036,74364
131951,@,75037,74769
131952,@,75038,75037
131953,@,75039,74066
131954,@,75040,75039
131955,@,75041,75039
131956,@,75043,75039
131957,@,75044,74066
131958,@,75045,75044
131959,@,75046,75044
131960,@,75047,75044
131961,>,75048,75039
131962,@,75049,75048
131963,@,75050,75049
131964,@,75051,75048
131965,@,75052,75048
131966,@,75053,75052
131967,@,75054,77061
131968,@,75055,75052
131969,@,75056,75040
131970,@,75057,75044
131971,*,75058,74769
131972,@,75058,74114
131973,@,75059,75058
131974,@,75061,74769
131975,@,75062,75058
131976,@,75063,66594
131977,@,75064,75081
131978,@,75065,75066
131979,@,75066,74066
131980,@,75067,74066
131981,@,75068,74066
131982,*,75069,74455
131983,*,75069,75081
131984,@,75069,75158
131985,@,75070,74118
131986,@,75071,75070
131987,@,75072,74118
131988,@,75073,75072
131989,@,75074,74066
131990,@,75075,75074
131991,@,75076,75072
131992,@,75077,74052
131993,@,75078,74052
131994,@,75079,74052
131995,@,75080,74794
131996,@,75081,74066
131997,@,75082,74118
131998,@,75083,74844
131999,@,75084,74455
132000,@,75085,74066
132001,@,75086,72051
132002,@,75087,75086
132003,@,75088,75086
132004,@,75089,75086
132005,@,75090,75089
132006,@,75091,74052
132007,@,75092,75091
132008,@,75093,75081
132009,@,75094,74088
132010,@,75096,74052
132011,@,75097,74973
132012,*,75097,74727
132013,@,75098,75097
132014,@,75099,74973
132015,@,75100,74727
132016,@,75101,74733
132017,@,75102,74973
132018,@,75103,75097
132019,@,75104,74932
132020,@,75105,74658
132021,@,75106,74052
132022,@,75107,74364
132023,@,75108,74573
132024,@,75109,75108
132025,@,75110,75108
132026,@,75111,75108
132027,@,75112,75107
132028,@,75114,75107
132029,@,75115,74052
132030,@,75116,75115
132031,@,75117,75115
132032,@,75118,74052
132033,>,75119,75118
132034,@,75120,75118
132035,@,75121,75135
132036,@,75122,75118
132037,@,75123,75124
132038,@,75124,75129
132039,@,75125,75124
132040,@,75126,75124
132041,@,75127,74066
132042,@,75128,74118
132043,@,75129,75118
132044,>,75130,75118
132045,@,75130,74118
132046,@,75132,75118
132047,@,75033,73540
132048,@,75135,75118
132049,@,75136,74349
132050,@,75137,75118
132051,@,75138,74658
132052,@,75139,74658
132053,@,75140,75118
132054,@,75141,75137
132055,>,75142,75141
132056,@,75143,75118
132057,*,75144,75118
132058,@,75144,74688
132059,@,75145,75144
132060,@,75146,74769
132061,@,75147,74769
132062,@,75148,74769
132063,@,75149,75148
132064,@,75150,75156
132065,@,75151,75156
132066,@,75152,75158
132067,@,75153,75152
132068,@,75154,75158
132069,@,75155,75156
132070,@,75156,75158
132071,@,75157,74844
132072,@,75158,74844
132073,@,75159,75157
132074,@,75161,74844
132075,@,75162,75156
132076,@,75163,74844
132077,@,75164,74838
132078,@,75165,74873
132079,@,75166,75167
132080,*,75166,66991
132081,@,75167,66991
132082,@,75168,75167
132083,@,75169,75167
132084,@,75170,72384
132085,*,75170,74114
132086,@,75171,75170
132087,@,75172,75173
132088,@,75174,73146
132089,@,75175,75170
132090,@,75176,74581
132091,@,75177,75170
132092,@,75179,74066
132093,@,75180,75170
132094,@,75181,75180
132095,@,75182,75180
132096,@,75183,75180
132097,@,75184,74088
132098,@,75185,75037
132099,@,75186,74364
132100,@,75187,74364
132101,@,75188,75189
132102,@,75189,74844
132103,@,75190,66594
132104,@,75191,74066
132105,@,75192,74382
132106,@,75193,74066
132107,@,75194,75006
132108,@,75195,75194
132109,@,75196,75194
132110,@,75198,71557
132111,@,75199,75198
132112,@,75200,66076
132113,@,75201,74788
132114,@,75202,74118
132115,@,75203,74052
132116,>,75204,74420
132117,@,75204,74362
132118,@,75205,74361
132119,@,75206,75204
132120,@,75207,75118
132121,@,75208,74455
132122,@,75209,74066
132123,@,75210,75086
132124,@,75211,74066
132125,@,75212,74066
132126,@,75213,74878
132127,@,75214,74873
132128,@,75216,74184
132129,@,75217,74856
132130,>,75218,75069
132131,>,75219,75104
132132,@,75219,67990
132133,*,75220,74713
132134,@,75220,75170
132135,@,75221,74052
132136,@,75222,74118
132137,@,75223,75222
132138,@,75224,74066
132139,@,75225,74066
132140,@,75226,74052
132141,@,75227,74052
132142,@,75228,74052
132143,@,75229,74052
132144,@,75230,74066
132145,@,75231,76398
132146,@,75233,75232
132147,@,75134,75130
132148,@,75236,74118
132149,@,75237,74066
132150,@,75238,74066
132151,@,75239,75238
132152,@,75240,74066
132153,@,75241,74052
132154,@,75242,74118
132155,@,75243,74066
132156,@,75245,74066
132157,@,75246,74118
132158,@,75247,74052
132159,@,75248,74118
132160,@,75249,75247
132161,@,75250,75248
132162,@,75251,75247
132163,@,75252,75248
132164,@,75253,74052
132165,@,75254,74207
132166,@,75255,74626
132167,@,75256,75185
132168,@,75257,74386
132169,@,75258,74052
132170,@,75259,75258
132171,@,75260,74432
132172,@,75261,74118
132173,@,75262,74066
132174,@,75264,74052
132175,@,75265,74052
132176,@,75266,74118
132177,@,75267,74052
132178,@,75268,74052
132179,@,75269,74066
132180,@,75270,74207
132181,@,75271,74052
132182,@,75272,72584
132183,@,75273,74066
132184,@,75274,66738
132185,@,75275,68336
132186,@,75276,74066
132187,@,75277,74118
132188,@,75278,74066
132189,@,75279,74052
132190,@,75280,74973
132191,@,75281,74727
132192,@,75284,74052
132193,@,75285,74052
132194,@,75286,74066
132195,@,75287,74066
132196,@,75288,74118
132197,@,75289,74066
132198,@,75290,74066
132199,@,75291,74066
132200,@,75292,75156
132201,@,75293,74118
132202,@,75294,74571
132203,@,75295,68451
132204,@,75296,74066
132205,@,75297,74052
132206,@,75298,74118
132207,*,75299,75301
132208,@,75300,75301
132209,@,75302,75301
132210,@,75304,75303
132211,@,75305,75301
132212,*,75306,75301
132213,@,75309,75306
132214,@,75310,75314
132215,@,75311,75357
132216,@,75312,75310
132217,@,75313,75314
132218,@,75314,76735
132219,@,75315,75314
132220,@,75316,75314
132221,>,75317,75314
132222,@,75317,66582
132223,@,75318,75317
132224,@,75319,75317
132225,@,75320,75317
132226,@,75321,75317
132227,@,75322,75321
132228,@,75324,75321
132229,@,75325,75321
132230,@,75326,75317
132231,@,75327,75326
132232,@,75328,75326
132233,@,75329,75335
132234,@,75330,75335
132235,@,75331,66567
132236,@,75332,75331
132237,@,75333,75331
132238,@,75334,75331
132239,>,75335,75300
132240,@,75336,75335
132241,@,75337,75336
132242,@,75338,75336
132243,@,75339,75336
132244,@,75340,75301
132245,@,75341,75301
132246,*,75343,66077
132247,@,75235,74118
132248,*,75345,75301
132249,@,75346,75345
132250,*,75347,75301
132251,@,75349,75348
132252,@,75350,75394
132253,@,75351,66315
132254,@,75352,66315
132255,@,75353,75356
132256,@,75355,75361
132257,@,75356,75361
132258,@,75357,75301
132259,@,75358,75357
132260,@,75359,75361
132261,@,75360,75361
132262,@,75361,75370
132263,@,75362,75361
132264,@,75363,75361
132265,@,75364,75363
132266,@,75365,75356
132267,@,75366,75361
132268,@,75367,75368
132269,@,75368,75357
132270,@,75369,75370
132271,@,75371,75372
132272,@,75372,75369
132273,*,75373,75369
132274,@,75375,75374
132275,@,75376,75374
132276,*,75377,75374
132277,>,75378,75369
132278,@,75378,75370
132279,@,75379,75378
132280,@,75380,75374
132281,@,75381,75374
132282,@,75382,75378
132283,@,75383,75378
132284,@,75384,66567
132285,@,75385,68266
132286,@,75386,75301
132287,*,75387,75386
132288,@,75387,71741
132289,*,75388,75386
132290,*,75390,75301
132291,@,75391,75486
132292,@,75393,75314
132293,@,75394,75301
132294,@,75395,75394
132295,@,75396,75394
132296,@,75397,75394
132297,@,75398,68751
132298,*,75399,75394
132299,*,75400,75399
132300,@,75401,75399
132301,@,75403,75399
132302,@,75404,75399
132303,@,75405,75399
132304,*,75406,75394
132305,@,75406,75341
132306,@,75407,75399
132307,@,75408,75407
132308,@,75409,75399
132309,@,75410,75407
132310,@,75412,75411
132311,@,75413,75411
132312,@,75414,75411
132313,@,75415,75411
132314,@,75416,77409
132315,@,75417,75411
132316,@,75419,75418
132317,@,75420,75418
132318,@,75421,75612
132319,@,75422,75602
132320,@,75423,75602
132321,@,75424,75411
132322,@,75426,69897
132323,@,75427,75426
132324,>,75428,75394
132325,@,75429,75453
132326,>,75430,67855
132327,@,75430,75428
132328,@,75432,75428
132329,@,75433,75428
132330,@,75434,66567
132331,@,75435,75434
132332,@,75436,67855
132333,@,75437,75436
132334,@,75438,75428
132335,@,75439,75428
132336,@,75440,75439
132337,@,75441,77996
132338,@,75442,75428
132339,@,75443,75439
132340,@,75444,75443
132341,@,75445,75439
132342,@,75446,75439
132343,@,75447,75439
132344,@,75448,75439
132345,@,75449,75439
132346,@,75451,75439
132347,@,75344,75343
132348,@,75454,75453
132349,@,75455,75453
132350,@,75456,69166
132351,@,75457,70033
132352,@,75459,75464
132353,@,75460,75458
132354,@,75462,75461
132355,@,75463,75461
132356,@,75467,75458
132357,@,75468,75458
132358,@,75469,75458
132359,@,75470,75515
132360,@,75471,75515
132361,@,75472,75515
132362,@,75473,75474
132363,@,75474,75458
132364,@,75475,75458
132365,@,75476,75428
132366,@,75477,75479
132367,@,75478,75477
132368,@,75480,66521
132369,@,75481,75400
132370,@,75482,75400
132371,@,75483,75400
132372,@,75484,75400
132373,@,75485,75400
132374,*,75486,75399
132375,@,75487,75486
132376,@,75488,75486
132377,@,75489,75488
132378,@,75490,75488
132379,@,75492,75400
132380,@,75493,75400
132381,@,75494,75493
132382,@,75495,75400
132383,@,75496,75495
132384,@,75497,69081
132385,@,75498,75400
132386,@,75499,75400
132387,@,75500,75541
132388,@,75501,75541
132389,@,75502,75501
132390,@,75503,75390
132391,@,75504,77418
132392,@,75506,75504
132393,>,75507,67855
132394,@,75508,75507
132395,@,75509,75507
132396,@,75510,67855
132397,@,75511,75458
132398,@,75513,75511
132399,@,75514,75513
132400,@,75515,75458
132401,@,75516,75515
132402,@,75517,68973
132403,@,75518,75517
132404,@,75519,75517
132405,@,75520,68668
132406,@,75521,75525
132407,@,75522,75521
132408,@,75523,78111
132409,@,75524,78111
132410,@,75526,75525
132411,@,75527,75525
132412,@,75528,75527
132413,@,75529,75411
132414,@,75530,66567
132415,@,75531,75668
132416,@,75532,75670
132417,@,75533,75670
132418,@,75534,75670
132419,@,75535,75566
132420,@,75536,78111
132421,@,75537,75536
132422,@,75538,75411
132423,@,75539,75538
132424,@,75540,75571
132425,@,75541,75301
132426,@,75542,75399
132427,@,75543,75399
132428,@,75545,75399
132429,@,75546,75399
132430,@,75547,75398
132431,@,75548,75399
132432,@,75549,75399
132433,@,75550,75400
132434,@,75551,75550
132435,@,75552,75550
132436,@,75553,75550
132437,@,75554,75485
132438,@,75555,75389
132439,*,75556,75398
132440,>,75557,75556
132441,@,75558,75399
132442,@,75559,75399
132443,@,75560,75491
132444,@,75561,75491
132445,@,75562,75571
132446,@,75564,75399
132447,@,75453,75428
132448,@,75568,75566
132449,@,75569,75399
132450,@,75570,75499
132451,@,75571,75486
132452,@,75572,75301
132453,*,75573,75572
132454,@,75573,75301
132455,@,75574,75573
132456,@,75576,75573
132457,@,75577,69081
132458,@,75578,67293
132459,@,75579,75585
132460,@,75580,75585
132461,@,75581,75585
132462,@,75582,75585
132463,@,75583,75585
132464,@,75584,75585
132465,@,75585,75602
132466,@,75586,75585
132467,@,75587,75602
132468,@,75588,75585
132469,@,75589,75602
132470,@,75590,75612
132471,@,75591,75602
132472,@,75592,75602
132473,@,75593,75602
132474,@,75595,75602
132475,@,75596,75602
132476,@,75597,75596
132477,@,75598,75596
132478,@,75599,75602
132479,@,75600,75585
132480,@,75601,75602
132481,@,75602,75370
132482,@,75603,75602
132483,@,75604,75602
132484,@,75605,75602
132485,@,75606,75602
132486,@,75607,75602
132487,@,75608,75602
132488,@,75609,75602
132489,@,75610,75602
132490,@,75611,75602
132491,>,75612,75602
132492,@,75614,75612
132493,@,75615,75612
132494,@,75616,70110
132495,@,75617,75370
132496,@,75618,75602
132497,@,75619,75618
132498,@,75620,75618
132499,@,75621,75618
132500,>,75622,75602
132501,@,75622,75612
132502,@,75623,75618
132503,@,75624,75622
132504,@,75625,75602
132505,@,75626,75602
132506,@,75627,75585
132507,@,75628,75602
132508,@,75629,75602
132509,@,75630,75602
132510,@,75632,75631
132511,@,75633,75602
132512,@,75634,75602
132513,@,75635,75634
132514,@,75636,75634
132515,@,75637,75634
132516,@,75638,75602
132517,@,75639,75602
132518,@,75640,75602
132519,@,75641,75602
132520,@,75642,75602
132521,@,75643,75602
132522,@,75644,75602
132523,@,75645,75602
132524,@,75646,75645
132525,@,75647,75602
132526,>,75648,75647
132527,@,75648,75612
132528,@,75650,75602
132529,@,75651,75602
132530,@,75652,75602
132531,@,75653,75602
132532,@,75654,75602
132533,@,75655,75602
132534,@,75656,75602
132535,@,75657,75602
132536,@,75658,75602
132537,@,75659,75663
132538,@,75660,75572
132539,*,75660,75573
132540,@,75661,75572
132541,@,75662,75573
132542,@,75663,75573
132543,@,75664,75331
132544,*,75665,75585
132545,@,75666,75670
132546,@,75668,75670
132547,@,75567,75566
132548,@,75671,75667
132549,@,75672,75301
132550,>,75673,75683
132551,@,75674,75673
132552,@,75675,75673
132553,@,75676,75675
132554,*,75677,75672
132555,@,75677,68652
132556,@,75679,75678
132557,@,75680,75678
132558,@,75681,75672
132559,@,75682,75673
132560,@,75684,75683
132561,@,75685,69927
132562,@,75686,75336
132563,@,75687,75686
132564,@,75688,75697
132565,@,75689,75697
132566,@,75690,75688
132567,@,75691,75688
132568,@,75692,75675
132569,@,75693,75673
132570,@,75694,75688
132571,@,75695,75688
132572,@,75696,75697
132573,@,75697,66567
132574,@,75700,75314
132575,@,75702,75571
132576,@,75703,75301
132577,@,75704,75602
132578,@,75705,75416
132579,@,75706,75329
132580,@,75708,75357
132581,>,75709,75722
132582,@,75709,75784
132583,@,75710,75709
132584,@,75711,75821
132585,@,75714,75712
132586,@,75715,75714
132587,@,75716,75712
132588,@,75717,75712
132589,@,75718,75712
132590,@,75719,75722
132591,@,75720,75719
132592,@,75723,75722
132593,@,75724,75722
132594,@,75726,75725
132595,@,75729,75728
132596,@,75730,75728
132597,@,75731,75749
132598,@,75732,75731
132599,@,75734,75733
132600,@,75735,75733
132601,*,75736,75908
132602,*,75736,68874
132603,@,75736,75749
132604,@,75737,75736
132605,@,75738,75736
132606,@,75739,75870
132607,@,75740,75749
132608,@,75741,75709
132609,@,75742,75741
132610,@,75744,75736
132611,*,75746,75840
132612,@,75746,75749
132613,@,75747,75746
132614,@,75748,75746
132615,@,75750,75749
132616,@,75751,75749
132617,@,75752,75749
132618,@,75753,75749
132619,@,75754,75719
132620,@,75755,77006
132621,@,75756,75749
132622,@,75757,75754
132623,@,75758,75757
132624,@,75759,75757
132625,@,75760,75757
132626,@,75761,75719
132627,@,75762,75761
132628,@,75764,75999
132629,@,75765,75780
132630,*,75765,75770
132631,@,75766,75765
132632,@,75767,75765
132633,@,75768,75765
132634,@,75769,75780
132635,@,75770,75908
132636,@,75771,75770
132637,@,75772,75964
132638,@,75773,76146
132639,@,75774,75728
132640,@,75775,75774
132641,@,75776,75770
132642,@,75777,76142
132643,@,75778,76030
132644,@,75779,75770
132645,@,75780,75709
132646,@,75782,77195
132647,@,75670,66567
132648,>,75784,75787
132649,@,75785,66521
132650,@,75786,75784
132651,@,75787,74118
132652,@,75788,75794
132653,@,75789,75788
132654,@,75790,75788
132655,@,75791,75788
132656,@,75793,75794
132657,@,75795,75794
132658,@,75796,75788
132659,@,75797,75788
132660,@,75798,75719
132661,@,75799,76241
132662,@,75800,76289
132663,@,75801,76241
132664,@,75802,76241
132665,@,75803,70982
132666,*,75803,75798
132667,@,75804,75798
132668,@,75805,75804
132669,@,75806,75809
132670,@,75807,75808
132671,@,75809,75788
132672,@,75810,68637
132673,@,75811,68637
132674,@,75813,76094
132675,@,75814,75712
132676,@,75815,75787
132677,@,75816,75815
132678,@,75817,75787
132679,@,75818,75814
132680,@,75819,75818
132681,@,75820,75818
132682,@,75821,75784
132683,@,75822,75821
132684,@,75823,72642
132685,@,75824,75825
132686,@,75825,74118
132687,@,75826,75825
132688,@,75827,75825
132689,@,75828,75825
132690,@,75829,75825
132691,@,75830,75813
132692,@,75832,75830
132693,@,75833,77000
132694,@,75834,75712
132695,@,75835,75834
132696,@,75836,75834
132697,@,75837,70258
132698,@,75838,75837
132699,@,75839,75837
132700,@,75840,75749
132701,@,75841,75840
132702,@,75842,75843
132703,@,75843,72800
132704,@,75844,75840
132705,@,75846,75840
132706,@,75847,75908
132707,@,75848,75845
132708,@,75849,75749
132709,@,75850,75849
132710,@,75852,75849
132711,@,75853,75849
132712,@,75854,75850
132713,@,75855,75850
132714,@,75856,75849
132715,@,75857,76069
132716,@,75858,75850
132717,@,75859,75858
132718,@,75860,74025
132719,@,75861,75860
132720,@,75862,75860
132721,@,75863,76201
132722,@,75864,77270
132723,@,75865,75733
132724,@,75866,75865
132725,@,75867,75870
132726,@,75868,75870
132727,@,75869,75943
132728,@,75870,75931
132729,@,75871,75870
132730,@,75872,75870
132731,@,75873,75870
132732,@,75874,75870
132733,@,75875,75870
132734,@,75876,75870
132735,@,75877,75870
132736,@,75878,75879
132737,@,75879,76430
132738,@,75880,75878
132739,@,75881,75878
132740,@,75882,75878
132741,@,75883,76094
132742,@,75884,75821
132743,@,75885,75883
132744,@,75886,75870
132745,@,75887,75870
132746,*,75889,75870
132747,*,75784,74118
132748,@,75891,75749
132749,@,75892,75749
132750,@,75894,75891
132751,@,75895,75894
132752,@,75896,74873
132753,@,75897,75749
132754,@,75898,75899
132755,@,75899,75908
132756,@,75901,75908
132757,@,75902,75908
132758,@,75903,75908
132759,@,75904,70805
132760,@,75905,69755
132761,@,75906,75904
132762,@,75907,75904
132763,@,75908,75709
132764,@,75909,75910
132765,@,75910,75916
132766,@,75911,75916
132767,@,75912,75916
132768,*,75913,75914
132769,@,75913,77084
132770,@,75914,77409
132771,@,75916,70304
132772,@,75917,75916
132773,>,75918,75919
132774,@,75919,74823
132775,@,75920,75908
132776,*,75920,75784
132777,@,75921,75709
132778,@,75922,75709
132779,@,75923,75922
132780,@,75924,75922
132781,@,75925,75712
132782,@,75926,68943
132783,@,75927,75931
132784,@,75928,75927
132785,@,75929,75908
132786,@,75930,75931
132787,@,75931,75784
132788,@,75932,75931
132789,@,75933,75932
132790,@,75934,75932
132791,@,75935,75931
132792,@,75937,75931
132793,@,75938,69251
132794,@,75939,75941
132795,@,75940,75931
132796,@,75941,75938
132797,@,75942,75931
132798,*,75943,75736
132799,*,75943,75870
132800,@,75944,75943
132801,@,75945,75943
132802,@,75946,75879
132803,@,75947,69251
132804,@,75948,75712
132805,@,75949,75830
132806,@,75950,75949
132807,@,75951,75830
132808,@,75952,75951
132809,@,75953,75709
132810,@,75955,75712
132811,@,75956,75949
132812,@,75957,75709
132813,@,75958,75709
132814,@,75959,75956
132815,@,75960,75956
132816,>,75961,75962
132817,@,75961,75956
132818,@,75962,75746
132819,@,75963,75972
132820,@,75964,75967
132821,@,75965,75967
132822,@,75966,75967
132823,@,75968,75967
132824,@,75969,75870
132825,@,75970,75967
132826,@,75972,75979
132827,@,75973,75972
132828,@,75975,75979
132829,@,75976,75979
132830,@,75977,75979
132831,*,75978,75736
132832,@,75979,75908
132833,@,75980,70968
132834,@,75981,75980
132835,@,75982,75980
132836,@,75983,70968
132837,@,75984,75983
132838,@,75985,70968
132839,@,75986,75985
132840,@,75987,75972
132841,@,75988,75798
132842,@,75989,75988
132843,@,75990,70896
132844,@,75991,75994
132845,@,75992,75849
132846,@,75994,69213
132847,@,75890,75788
132848,@,75997,75996
132849,@,75998,75997
132850,@,75999,75733
132851,@,76000,75728
132852,@,76001,76000
132853,@,76002,75736
132854,@,76003,75733
132855,@,76004,69213
132856,@,76006,76189
132857,@,76007,75749
132858,@,76008,76007
132859,@,76009,76007
132860,@,76010,76004
132861,@,76011,76216
132862,@,76012,76216
132863,@,76013,76216
132864,*,76014,70762
132865,@,76014,76214
132866,@,76015,76014
132867,@,76016,76216
132868,@,76017,76216
132869,@,76018,76017
132870,@,76019,75728
132871,@,76020,76021
132872,@,76021,76069
132873,@,76022,76021
132874,@,76024,76074
132875,@,76025,76074
132876,@,76027,76021
132877,@,76028,75721
132878,@,76029,70965
132879,@,76030,75719
132880,@,76031,76030
132881,@,76032,76036
132882,@,76033,76036
132883,@,76034,76036
132884,@,76035,76036
132885,@,76036,75719
132886,@,76037,76036
132887,@,76038,76036
132888,@,76039,76036
132889,@,76040,75719
132890,@,76041,76040
132891,@,76042,75719
132892,@,76044,76228
132893,@,76045,75908
132894,@,76046,76045
132895,@,76047,75996
132896,@,76048,76069
132897,@,76049,76045
132898,@,76050,75908
132899,@,76051,76050
132900,@,76052,75722
132901,@,76053,75749
132902,@,76054,76053
132903,@,76055,76053
132904,@,76056,76055
132905,@,76057,76053
132906,@,76058,75736
132907,@,76059,75908
132908,@,76060,76055
132909,@,76063,76062
132910,@,76066,76065
132911,@,76066,77270
132912,@,76069,75749
132913,@,76070,76069
132914,@,76071,76069
132915,@,76072,75749
132916,@,76073,76072
132917,@,76074,75749
132918,@,76075,76074
132919,@,76076,66391
132920,@,76077,77995
132921,@,76078,76074
132922,@,76079,76069
132923,@,76080,76081
132924,@,76081,76069
132925,@,76082,76081
132926,@,76083,75849
132927,*,76084,75499
132928,@,76085,76216
132929,@,76086,76216
132930,@,76087,76083
132931,@,76088,76318
132932,@,76089,75821
132933,@,76090,76089
132934,@,76091,76089
132935,@,76092,75942
132936,*,76093,72877
132937,@,76093,75716
132938,@,76094,75709
132939,*,76095,76093
132940,@,76095,69879
132941,@,76096,75749
132942,@,76097,76096
132943,@,76098,70969
132944,@,76099,76098
132945,@,76100,76098
132946,@,76102,70018
132947,@,75996,75979
132948,@,76105,76241
132949,@,76106,76241
132950,@,76107,75709
132951,@,76108,76111
132952,@,76109,70495
132953,@,76110,76241
132954,@,76111,75943
132955,@,76112,75878
132956,@,76114,76113
132957,@,76115,76113
132958,@,76116,76113
132959,@,76117,76113
132960,@,76118,76113
132961,@,76119,76113
132962,@,76120,70554
132963,@,76121,76120
132964,@,76122,76120
132965,@,76123,76120
132966,@,76124,76120
132967,@,76125,76120
132968,@,76126,75908
132969,@,76127,77409
132970,@,76128,75728
132971,@,76129,75722
132972,@,76130,75749
132973,@,76131,75878
132974,@,76133,75809
132975,@,76134,76133
132976,@,76135,75733
132977,@,76136,76135
132978,@,76137,75733
132979,@,76138,66567
132980,@,76139,70745
132981,@,76140,75728
132982,@,76141,76140
132983,@,76142,76030
132984,@,76143,75749
132985,@,76144,75971
132986,@,76145,76030
132987,@,76146,75774
132988,@,76147,76209
132989,@,76148,76147
132990,@,76149,76147
132991,@,76150,76147
132992,@,76152,76150
132993,@,76153,76150
132994,@,76154,68982
132995,@,76155,75709
132996,@,76156,76155
132997,@,76157,76094
132998,@,76158,66389
132999,@,76159,76157
133000,@,76160,76158
133001,*,76160,76883
133002,@,76161,75709
133003,@,76162,76161
133004,@,76163,75712
133005,@,76164,76050
133006,@,76165,77409
133007,@,76166,75709
133008,@,76167,76168
133009,@,76168,66738
133010,@,76170,76168
133011,@,76171,75728
133012,@,76172,75733
133013,@,76173,76335
133014,@,76174,76335
133015,@,76175,75757
133016,@,76176,76175
133017,@,76177,76175
133018,@,76178,76175
133019,@,76179,76168
133020,@,76180,75728
133021,@,76181,76180
133022,@,76182,76180
133023,@,76183,76310
133024,@,76184,76180
133025,@,76185,76180
133026,@,76186,76180
133027,@,76187,75749
133028,@,76189,75821
133029,@,76190,75709
133030,@,76193,75908
133031,@,76194,75908
133032,@,76195,76175
133033,@,76196,76195
133034,@,76197,76195
133035,@,76198,76195
133036,@,76200,66774
133037,@,76201,77270
133038,*,76201,76209
133039,@,76202,76209
133040,@,76203,76207
133041,@,76204,76203
133042,@,76205,76340
133043,@,76206,76028
133044,@,76207,76330
133045,@,76208,76203
133046,@,76210,76209
133047,@,76104,75712
133048,@,76213,75915
133049,@,76214,76216
133050,@,76215,76214
133051,@,76216,75733
133052,@,76217,76216
133053,@,76218,76216
133054,@,76219,76216
133055,@,76220,76222
133056,@,76222,76241
133057,@,76223,76241
133058,@,76224,76223
133059,@,76225,76223
133060,@,76226,76241
133061,@,76227,75749
133062,@,76228,75709
133063,@,76229,66567
133064,@,76230,76229
133065,@,76231,76230
133066,@,76232,76229
133067,@,76233,77432
133068,@,76234,76233
133069,*,76235,75736
133070,@,76235,75849
133071,@,76236,71741
133072,@,76237,76236
133073,@,76238,76236
133074,@,76240,76236
133075,@,76241,75709
133076,@,76242,76241
133077,@,76243,76241
133078,@,76244,76241
133079,@,76245,76241
133080,@,76246,76241
133081,@,76247,76241
133082,@,76248,76241
133083,@,76249,76241
133084,@,76250,76241
133085,@,76251,76241
133086,@,76252,76251
133087,@,76253,70620
133088,@,76254,76241
133089,@,76255,76254
133090,@,76256,76241
133091,@,76257,76256
133092,@,76259,76260
133093,@,76260,76241
133094,@,76261,76260
133095,@,76262,76241
133096,@,76263,76241
133097,@,76264,76263
133098,@,76265,76241
133099,@,76266,76241
133100,@,76267,76241
133101,@,76268,76241
133102,@,76269,76241
133103,@,76270,76241
133104,@,76271,76241
133105,@,76272,76270
133106,@,76273,76241
133107,@,76274,76241
133108,@,76275,76274
133109,@,76276,76241
133110,@,76278,76241
133111,@,76279,76241
133112,@,76280,76241
133113,@,76281,75932
133114,@,76282,76241
133115,@,76283,76241
133116,@,76284,76283
133117,@,76285,76283
133118,@,76286,76283
133119,@,76287,76241
133120,@,76288,76241
133121,@,76289,76241
133122,@,76290,76289
133123,@,76291,76289
133124,@,76292,76289
133125,@,76293,76289
133126,@,76294,76289
133127,@,76295,76289
133128,@,76297,76289
133129,@,76298,66774
133130,*,76298,76241
133131,@,76299,76298
133132,@,76300,76298
133133,@,76301,66622
133134,@,76302,76566
133135,@,76303,75879
133136,@,76304,76189
133137,@,76305,75834
133138,@,76306,75870
133139,@,76307,75709
133140,@,76308,76307
133141,@,76309,76398
133142,@,76310,75733
133143,*,76311,72904
133144,@,76311,75733
133145,@,76312,76216
133146,@,76314,75709
133147,@,76212,75968
133148,@,76316,75943
133149,@,76317,75943
133150,@,76318,75840
133151,@,76319,68874
133152,@,76320,76322
133153,@,76321,76322
133154,@,76322,76329
133155,@,76323,76322
133156,@,76325,75809
133157,@,76326,72332
133158,@,76327,75784
133159,@,76328,76327
133160,@,76329,75821
133161,@,76330,67883
133162,@,76331,69752
133163,@,76332,76331
133164,@,76333,75908
133165,@,76334,75719
133166,@,76336,76335
133167,@,76337,76335
133168,@,76338,76335
133169,@,76339,75870
133170,@,76340,68982
133171,@,76341,76340
133172,@,76342,76340
133173,@,76343,75870
133174,@,76344,76340
133175,@,76345,75914
133176,@,76346,76345
133177,@,76347,75909
133178,@,76348,76347
133179,@,76349,76347
133180,@,76350,76241
133181,@,76351,75788
133182,@,76352,76241
133183,@,76353,76241
133184,@,76354,76241
133185,@,76355,75849
133186,@,76356,76241
133187,@,76357,76241
133188,@,76358,76241
133189,@,76359,76000
133190,@,76360,76147
133191,@,76361,76241
133192,@,76363,76241
133193,@,76364,76241
133194,@,76365,76289
133195,@,76366,76365
133196,@,76367,75870
133197,@,76368,75908
133198,@,76369,75749
133199,@,76370,70720
133200,@,76371,76241
133201,@,76372,75870
133202,@,76374,76241
133203,@,76375,75821
133204,@,76376,76241
133205,@,76377,75814
133206,@,76378,76241
133207,@,76379,76229
133208,@,76380,76408
133209,@,76381,75988
133210,@,76383,76241
133211,@,76384,76241
133212,@,76386,75849
133213,@,76387,76191
133214,@,76388,76387
133215,@,76391,70287
133216,@,76392,77505
133217,@,76393,75749
133218,@,76394,75903
133219,@,76395,76241
133220,@,76396,76298
133221,@,76397,76452
133222,@,76399,76398
133223,@,76400,76398
133224,@,76401,77947
133225,@,76403,75458
133226,@,76404,76398
133227,@,76405,76398
133228,@,76407,76398
133229,@,76408,76398
133230,@,76409,76398
133231,@,76410,76409
133232,@,76411,76409
133233,@,76412,76409
133234,@,76413,77039
133235,@,76414,76398
133236,@,76415,75392
133237,@,76416,70979
133238,@,76417,69264
133239,@,76418,66060
133240,@,76419,76398
133241,@,76420,76398
133242,@,76421,76398
133243,@,76422,76398
133244,@,76423,76422
133245,@,76424,76422
133246,@,76426,76425
133247,@,76315,76317
133248,@,76429,76427
133249,@,76430,76398
133250,@,76431,77039
133251,@,76432,76430
133252,@,76433,76432
133253,@,76435,76430
133254,@,76436,76398
133255,@,76437,76436
133256,@,76439,76397
133257,@,76441,76452
133258,@,76442,77715
133259,>,76443,76441
133260,@,76443,76536
133261,@,76444,76443
133262,>,76445,76441
133263,@,76445,76536
133264,@,76446,76441
133265,@,76447,73774
133266,@,76448,76549
133267,@,76448,76455
133268,@,76449,76455
133269,@,76450,76449
133270,@,76451,76420
133271,@,76452,76454
133272,@,76453,76454
133273,@,76454,66521
133274,@,76457,76456
133275,@,76458,69213
133276,@,76459,76430
133277,@,76460,76452
133278,@,76461,76607
133279,@,76462,76487
133280,@,76463,76487
133281,@,76464,76466
133282,@,76466,76456
133283,@,76467,76289
133284,@,76468,76848
133285,@,76469,76471
133286,@,76470,76471
133287,@,76471,66885
133288,@,76472,76471
133289,@,76473,68074
133290,@,76474,76473
133291,@,76475,76430
133292,@,76477,76765
133293,@,76478,76475
133294,@,76479,76475
133295,@,76480,76475
133296,@,76481,76734
133297,@,76482,76734
133298,@,76483,76466
133299,@,76484,76466
133300,@,76485,76461
133301,@,76486,76541
133302,@,76487,76848
133303,@,76488,76487
133304,@,76489,76487
133305,@,76490,76487
133306,@,76491,76487
133307,@,76492,76487
133308,@,76493,76492
133309,@,76494,76493
133310,@,76496,76562
133311,@,76497,76566
133312,@,76498,76848
133313,@,76499,76548
133314,@,76500,70805
133315,@,76501,76499
133316,@,76502,76487
133317,@,76503,76487
133318,@,76504,73270
133319,@,76505,76504
133320,@,76506,73254
133321,@,76507,76506
133322,@,76508,76848
133323,@,76509,76508
133324,@,76510,76828
133325,@,76511,76506
133326,@,76512,76506
133327,@,76513,76514
133328,@,76515,76514
133329,@,76516,76514
133330,@,76517,76514
133331,@,76518,76517
133332,@,76519,76762
133333,@,76520,76517
133334,@,76521,76487
133335,@,76522,76521
133336,@,76523,76514
133337,@,76524,75908
133338,@,76525,68874
133339,@,76526,68874
133340,@,76527,68874
133341,@,76528,76527
133342,@,76529,76527
133343,@,76530,76562
133344,@,76531,68874
133345,@,76532,76541
133346,@,76534,76547
133347,@,76428,76398
133348,@,76537,76536
133349,@,76538,76536
133350,@,76539,76541
133351,@,76540,76536
133352,@,76542,76541
133353,@,76543,76541
133354,@,76544,76541
133355,>,76545,74052
133356,@,76547,76532
133357,@,76548,76549
133358,@,76550,76551
133359,@,76551,77087
133360,@,76552,76551
133361,>,76554,76566
133362,@,76554,70969
133363,@,76555,76560
133364,@,76556,76554
133365,@,76557,76713
133366,@,76558,76554
133367,@,76559,76558
133368,@,76560,76554
133369,@,76561,76562
133370,@,76563,76562
133371,@,76564,77711
133372,@,76565,76563
133373,@,76567,76713
133374,@,76569,69315
133375,@,76571,76607
133376,@,76572,76713
133377,@,76573,77053
133378,@,76574,76566
133379,@,76575,76562
133380,@,76576,76713
133381,@,76578,76577
133382,@,76579,76577
133383,@,76580,76577
133384,@,76581,76580
133385,@,76582,76584
133386,@,76583,76577
133387,@,76584,76577
133388,@,76585,76584
133389,@,76586,76577
133390,@,76587,76704
133391,@,76588,76398
133392,@,76590,77190
133393,@,76592,76591
133394,@,76593,76591
133395,@,76594,76591
133396,@,76597,76596
133397,@,76598,76566
133398,@,76599,76566
133399,@,76600,76566
133400,@,76601,76566
133401,@,76602,76566
133402,@,76603,76566
133403,@,76604,76566
133404,@,76606,76605
133405,@,76608,76607
133406,@,76609,76607
133407,@,76610,76607
133408,@,76611,76737
133409,@,76613,76612
133410,@,76616,76615
133411,@,76617,76620
133412,@,76618,76617
133413,@,76619,77213
133414,@,76621,76577
133415,@,76622,76398
133416,@,76623,76566
133417,@,76624,76625
133418,@,76625,73270
133419,@,76626,67559
133420,@,76629,66567
133421,@,76630,76627
133422,@,76632,76631
133423,@,76633,76466
133424,@,76634,76466
133425,@,76635,70331
133426,@,76636,76635
133427,@,76637,76398
133428,@,76638,76628
133429,@,76639,76638
133430,@,76640,76430
133431,@,76641,76640
133432,*,76642,76640
133433,>,76643,76640
133434,@,76643,69213
133435,@,76644,76664
133436,@,76645,77338
133437,@,76646,76645
133438,@,76647,76650
133439,@,76648,77114
133440,@,76649,77114
133441,@,76651,76650
133442,@,76652,76670
133443,@,76653,76670
133444,@,76654,76653
133445,@,76655,76726
133446,@,76657,76653
133447,@,76536,76541
133448,@,76660,76664
133449,@,76661,76819
133450,@,76662,76819
133451,@,76665,76664
133452,@,76666,76664
133453,@,76667,76664
133454,>,76668,76660
133455,@,76668,76826
133456,@,76671,76670
133457,@,76672,76670
133458,@,76673,76398
133459,@,76674,76670
133460,@,76675,76670
133461,@,76676,77665
133462,@,76677,76670
133463,@,76678,76670
133464,@,76679,77305
133465,@,76680,76670
133466,@,76681,76674
133467,@,76682,76681
133468,@,76683,76398
133469,>,76684,76398
133470,@,76684,76670
133471,@,76685,76684
133472,@,76686,76687
133473,@,76687,76684
133474,@,76689,76687
133475,@,76690,76687
133476,@,76691,76690
133477,@,76692,76690
133478,@,76694,76693
133479,@,76695,76693
133480,@,76696,76693
133481,@,76697,76693
133482,@,76698,76693
133483,@,76699,76693
133484,@,76700,76693
133485,@,76701,76652
133486,@,76702,76701
133487,@,76703,76693
133488,@,76704,76684
133489,@,76705,76704
133490,@,76706,76704
133491,@,76707,69415
133492,*,76708,69427
133493,@,76710,76827
133494,@,76711,76670
133495,@,76712,76711
133496,@,76714,76713
133497,@,76715,76713
133498,@,76716,76713
133499,@,76717,76713
133500,@,76718,76713
133501,@,76719,76713
133502,@,76720,76713
133503,@,76721,69415
133504,@,76722,76708
133505,@,76723,76708
133506,@,76724,69758
133507,@,76725,73143
133508,@,76726,73143
133509,@,76727,76726
133510,@,76729,76726
133511,@,76730,76726
133512,@,76731,76726
133513,@,76732,76737
133514,@,76733,76732
133515,@,76734,69413
133516,@,76735,76398
133517,@,76736,76735
133518,@,76738,76737
133519,@,76739,76737
133520,@,76740,76737
133521,@,76741,76737
133522,@,76742,76741
133523,@,76743,76741
133524,@,76744,76741
133525,@,76745,76741
133526,@,76746,77211
133527,@,76748,76747
133528,@,76750,75921
133529,@,76751,69427
133530,@,76752,68765
133531,@,76753,76752
133532,@,76754,75749
133533,@,76755,76758
133534,@,76756,76758
133535,@,76757,68820
133536,@,76758,76757
133537,@,76759,76758
133538,@,76760,72816
133539,@,76761,71733
133540,@,76762,68923
133541,@,76763,76765
133542,@,76764,76765
133543,@,76765,76430
133544,@,76766,69043
133545,@,76767,76765
133546,@,76769,69331
133547,@,76659,71643
133548,@,76772,76771
133549,@,76773,76771
133550,@,76774,77617
133551,@,76775,77617
133552,@,76776,77617
133553,@,76777,69747
133554,@,76778,77609
133555,@,76779,69747
133556,@,76780,76566
133557,@,76781,76562
133558,@,76782,69747
133559,@,76783,68874
133560,@,76784,76785
133561,@,76785,70500
133562,@,76786,70500
133563,@,76787,76783
133564,@,76788,76783
133565,@,76789,76783
133566,@,76790,76791
133567,@,76792,76791
133568,@,76793,76792
133569,@,76794,76792
133570,@,76795,76792
133571,@,76796,76791
133572,@,76797,76796
133573,@,76798,76862
133574,@,76799,76862
133575,@,76800,76801
133576,*,76801,69444
133577,@,76801,76732
133578,@,76802,76536
133579,@,76803,77195
133580,@,76804,77200
133581,@,76805,76635
133582,@,76806,66567
133583,@,76807,76806
133584,@,76808,72877
133585,@,76809,66592
133586,@,76810,76809
133587,@,76811,76809
133588,@,76812,76809
133589,@,76813,76809
133590,@,76814,76809
133591,@,76815,76809
133592,@,76817,76809
133593,@,76818,76809
133594,@,76819,76664
133595,@,76820,76819
133596,@,76821,76820
133597,@,76822,76819
133598,@,76823,76819
133599,@,76824,76826
133600,@,76825,76826
133601,@,76826,76827
133602,@,76827,70217
133603,@,76828,70641
133604,@,76829,76827
133605,@,76830,76829
133606,@,76831,76829
133607,@,76832,76831
133608,@,76833,76829
133609,@,76834,76829
133610,@,76835,69306
133611,@,76836,76835
133612,@,76838,69415
133613,@,76839,68256
133614,@,76840,76839
133615,@,76841,76782
133616,@,76842,76782
133617,@,76843,76782
133618,@,76844,69415
133619,@,76845,76289
133620,@,76846,76708
133621,@,76847,76848
133622,@,76849,76848
133623,@,76850,69427
133624,@,76851,76461
133625,@,76852,76175
133626,@,76853,75921
133627,@,76854,76945
133628,@,76856,76855
133629,*,76857,69382
133630,@,76858,76857
133631,@,76859,76855
133632,@,76860,76859
133633,@,76861,76631
133634,@,76862,69415
133635,@,76863,69483
133636,@,76864,69415
133637,@,76865,76867
133638,@,76866,76867
133639,@,76867,75784
133640,@,76868,76855
133641,@,76869,76868
133642,@,76870,76868
133643,@,76871,70103
133644,@,76872,69179
133645,@,76873,69386
133646,@,76875,69413
133647,@,76771,77617
133648,@,76879,71776
133649,@,76880,76879
133650,@,76881,76541
133651,@,76882,71776
133652,@,76883,71776
133653,@,76883,76958
133654,@,76884,76958
133655,@,76885,75439
133656,@,76887,76879
133657,@,76888,71776
133658,@,76889,71776
133659,@,76890,76889
133660,@,76891,76889
133661,@,76892,76883
133662,*,76893,67667
133663,@,76893,76883
133664,@,76894,76883
133665,@,76895,76894
133666,@,76896,76894
133667,@,76897,74084
133668,@,76898,77338
133669,@,76899,76903
133670,@,76900,69213
133671,@,76901,76903
133672,@,76902,76897
133673,@,76904,76903
133674,@,76906,76903
133675,@,76907,73742
133676,*,76908,76906
133677,@,76909,76906
133678,@,76910,76906
133679,@,76911,76906
133680,@,76912,76819
133681,@,76913,76912
133682,@,76914,76451
133683,@,76915,76912
133684,@,76916,76912
133685,@,76917,76912
133686,@,76918,76912
133687,@,76919,76819
133688,*,76920,76912
133689,@,76920,76650
133690,@,76921,76903
133691,@,76922,76921
133692,@,76924,76921
133693,@,76925,76475
133694,@,76926,76925
133695,@,76927,76929
133696,@,76928,76929
133697,@,76929,74099
133698,@,76930,76923
133699,@,76931,76921
133700,@,76932,76873
133701,@,76933,76865
133702,@,76934,76605
133703,@,76935,76937
133704,@,76936,70760
133705,@,76938,76937
133706,@,76939,76937
133707,@,76940,76937
133708,@,76941,76937
133709,@,76942,76945
133710,@,76944,77126
133711,@,76945,76607
133712,@,76946,66622
133713,@,76947,69660
133714,@,76948,76409
133715,@,76949,69432
133716,*,76950,77052
133717,*,76950,69556
133718,@,76951,70217
133719,*,76952,75850
133720,@,76952,76952
133721,@,76953,76951
133722,@,76954,76953
133723,@,76955,69824
133724,@,76956,76967
133725,@,76957,76968
133726,*,76958,68865
133727,@,76959,76958
133728,@,76963,76958
133729,*,76964,69427
133730,@,76965,69357
133731,@,76966,76965
133732,@,76967,68973
133733,@,76968,74118
133734,@,76969,76968
133735,*,76969,76958
133736,@,76970,76969
133737,@,76971,76972
133738,@,76972,69413
133739,@,76974,76972
133740,@,76975,76968
133741,@,76976,76975
133742,@,76977,76968
133743,@,76978,76968
133744,@,76979,76968
133745,@,76980,76979
133746,@,76981,76988
133747,@,76878,77014
133748,@,76984,76981
133749,@,76985,76981
133750,@,76986,76981
133751,@,76987,76981
133752,>,76988,76398
133753,@,76988,69284
133754,@,76989,76988
133755,@,76990,76988
133756,@,76992,70905
133757,@,76993,66582
133758,@,76994,76988
133759,@,76995,70344
133760,@,76996,68227
133761,@,76997,77000
133762,@,76998,77000
133763,@,76999,76933
133764,@,77000,77006
133765,@,77001,77006
133766,@,77002,77001
133767,@,77003,77000
133768,@,77004,77000
133769,@,77005,77230
133770,@,77006,76611
133771,@,77007,77006
133772,@,77008,77006
133773,@,77010,77006
133774,@,77012,77230
133775,@,77013,77011
133776,@,77014,68774
133777,@,77015,77014
133778,@,77016,68774
133779,@,77017,76523
133780,@,77018,77014
133781,@,77019,77018
133782,@,77020,77021
133783,@,77021,77022
133784,@,77022,76430
133785,@,77023,77022
133786,@,77024,77022
133787,@,77025,77022
133788,@,77026,77022
133789,@,77027,77022
133790,@,77028,77022
133791,@,77029,77022
133792,@,77031,76577
133793,@,77032,77022
133794,@,77033,77032
133795,@,77034,77021
133796,@,77035,76398
133797,@,77036,77035
133798,@,77037,76398
133799,@,77038,66060
133800,@,77039,73077
133801,@,77039,76398
133802,@,77040,77045
133803,@,77041,66060
133804,@,77042,77045
133805,@,77043,77039
133806,@,77044,77043
133807,@,77045,76398
133808,@,77046,66060
133809,@,77047,66567
133810,@,77049,77047
133811,@,77050,75897
133812,@,77051,77092
133813,@,77052,69556
133814,@,77053,69306
133815,@,77054,77053
133816,@,77055,77054
133817,@,77056,77065
133818,@,77058,77056
133819,@,77059,77065
133820,@,77061,77065
133821,@,77063,68858
133822,>,77064,77056
133823,@,77064,68858
133824,*,77065,77087
133825,@,77066,77065
133826,@,77067,77065
133827,@,77068,77065
133828,@,77070,77065
133829,@,77071,77081
133830,@,77072,77065
133831,@,77073,77065
133832,@,77074,77073
133833,@,77075,77073
133834,@,77076,77073
133835,@,77077,77073
133836,@,77078,77073
133837,@,77079,77073
133838,@,77080,77081
133839,@,77082,77081
133840,@,77083,77081
133841,@,77085,77084
133842,@,77086,77081
133843,@,77087,76398
133844,@,77088,77087
133845,@,77089,77090
133846,@,77091,77090
133847,@,76983,76981
133848,@,77094,77087
133849,@,77095,69358
133850,@,77096,77097
133851,@,77097,75400
133852,@,77098,77097
133853,@,77099,77097
133854,@,77100,66567
133855,@,77101,66521
133856,@,77104,76398
133857,@,77105,76398
133858,@,77107,77104
133859,@,77108,77104
133860,@,77110,76650
133861,@,77111,76650
133862,@,77112,66567
133863,@,77113,77114
133864,@,77114,66582
133865,@,77115,77114
133866,@,77116,77114
133867,@,77117,77277
133868,@,77118,68649
133869,@,77119,77117
133870,@,77120,76487
133871,@,77121,76765
133872,@,77122,77120
133873,@,77123,77124
133874,@,77125,77124
133875,@,77126,76693
133876,@,77127,69393
133877,>,77128,77131
133878,@,77129,77128
133879,@,77130,77128
133880,@,77131,67070
133881,@,77132,77131
133882,@,77133,77128
133883,@,77134,77159
133884,@,77135,77134
133885,@,77136,72726
133886,@,77137,70644
133887,@,77138,77409
133888,@,77139,77138
133889,@,77140,77142
133890,@,77141,77140
133891,@,77142,66632
133892,@,77144,69392
133893,@,77145,77144
133894,@,77146,77893
133895,@,77147,77087
133896,@,77148,77147
133897,@,77149,76398
133898,@,77150,77151
133899,@,77151,77087
133900,@,77152,77151
133901,@,77153,77154
133902,@,77154,75926
133903,@,77155,77153
133904,@,77156,77153
133905,@,77157,77156
133906,@,77159,77195
133907,@,77160,77159
133908,@,77161,77159
133909,@,77162,77159
133910,@,77164,77159
133911,@,77165,76578
133912,@,77166,77167
133913,@,77167,77171
133914,@,77168,77167
133915,@,77169,77168
133916,@,77170,70808
133917,@,77171,77159
133918,@,77172,77171
133919,@,77173,77171
133920,@,77174,77175
133921,@,77175,77178
133922,@,77176,77175
133923,@,77179,77159
133924,@,77180,77181
133925,@,77181,66695
133926,@,77182,77181
133927,@,77183,76958
133928,@,77185,75870
133929,@,77186,77185
133930,@,77187,77190
133931,@,77188,77190
133932,@,77189,76514
133933,@,77190,77195
133934,@,77191,77190
133935,@,77192,77190
133936,@,77193,77190
133937,@,77194,77190
133938,@,77196,77195
133939,@,77197,77682
133940,@,77198,77195
133941,@,77199,77195
133942,@,77200,76747
133943,@,77201,77200
133944,@,77202,77200
133945,@,77203,77200
133946,@,77205,76747
133947,@,77093,77092
133948,@,77208,77205
133949,@,77209,77208
133950,@,77210,77208
133951,@,77211,76747
133952,@,77212,77211
133953,@,77213,76988
133954,@,77214,77218
133955,@,77216,76398
133956,@,77218,77216
133957,@,77219,77216
133958,@,77220,77219
133959,@,77221,77216
133960,@,77222,73225
133961,@,77223,70149
133962,@,77224,77222
133963,@,77225,77222
133964,@,77226,77213
133965,@,77227,77218
133966,@,77228,77213
133967,@,77229,77228
133968,@,77231,77230
133969,@,77232,77327
133970,@,77233,77230
133971,@,77234,76398
133972,@,77235,77006
133973,@,77236,77321
133974,@,77238,76398
133975,@,77239,77243
133976,@,77240,77239
133977,@,77242,77243
133978,@,77243,76763
133979,@,77244,77243
133980,@,77245,77243
133981,@,77246,70762
133982,@,77247,70762
133983,@,77248,72290
133984,*,77249,76566
133985,@,77250,77249
133986,@,77251,77215
133987,@,77252,77251
133988,@,77253,70762
133989,@,77254,69448
133990,@,77255,77256
133991,@,77256,77257
133992,@,77258,77022
133993,@,77259,77260
133994,@,77260,77243
133995,*,77261,77259
133996,@,77261,76216
133997,@,77262,69508
133998,@,77263,77142
133999,@,77264,77270
134000,@,77265,77264
134001,@,77266,77270
134002,@,77267,77274
134003,@,77268,77274
134004,@,77269,77274
134005,*,77270,77277
134006,@,77270,77273
134007,@,77271,77270
134008,@,77272,77270
134009,@,77273,77021
134010,@,77275,77274
134011,@,77276,77274
134012,@,77277,77273
134013,@,77278,77277
134014,@,77279,77277
134015,@,77280,77277
134016,@,77281,77277
134017,@,77282,77281
134018,@,77283,77274
134019,@,77284,77283
134020,@,77285,77277
134021,@,77286,69333
134022,@,77287,69333
134023,@,77288,77277
134024,@,77289,77270
134025,@,77290,77279
134026,@,77293,77292
134027,@,77294,77291
134028,@,77296,77295
134029,@,77297,77295
134030,@,77298,77295
134031,@,77299,77295
134032,@,77300,77114
134033,@,77301,77295
134034,@,77304,76398
134035,@,77305,69660
134036,@,77306,76398
134037,@,77307,77306
134038,@,77308,77306
134039,@,77309,77053
134040,@,77310,77053
134041,@,77311,77144
134042,@,77312,77309
134043,@,77313,77309
134044,*,77314,77053
134045,@,77314,75158
134046,@,77316,77317
134047,@,77207,77205
134048,@,77319,77318
134049,@,77320,69418
134050,@,77321,73928
134051,@,77322,77321
134052,@,77323,77065
134053,@,77324,77114
134054,@,77325,77114
134055,@,77326,76693
134056,@,77328,77327
134057,@,77329,77327
134058,@,77330,77329
134059,@,77331,77327
134060,@,77332,76398
134061,@,77333,77332
134062,@,77334,77332
134063,@,77335,77121
134064,@,77336,77335
134065,@,77337,69698
134066,@,77338,76430
134067,@,77339,76664
134068,@,77340,70122
134069,@,77341,70969
134070,@,77343,75763
134071,@,77344,76945
134072,@,77345,76430
134073,@,77346,77249
134074,@,77348,76398
134075,@,77349,76398
134076,@,77350,77124
134077,@,77351,76605
134078,@,77352,76398
134079,@,77353,76640
134080,@,77354,76819
134081,@,77355,71133
134082,@,77356,77942
134083,@,77357,77134
134084,@,77358,66060
134085,@,77359,77277
134086,@,77360,76577
134087,@,77361,76757
134088,@,77362,76398
134089,@,77363,76514
134090,@,77364,77365
134091,@,77365,67494
134092,>,77367,77366
134093,@,77368,77332
134094,@,77369,76737
134095,@,77370,76577
134096,@,77371,76398
134097,@,77372,77222
134098,@,77373,77374
134099,@,77374,69743
134100,@,77375,76398
134101,@,77376,77375
134102,@,77381,76398
134103,@,77382,66060
134104,@,77384,76545
134105,@,77385,76398
134106,@,77386,76398
134107,@,77388,77045
134108,>,77389,76640
134109,@,77390,77389
134110,@,77393,77436
134111,@,77394,75156
134112,@,77395,76670
134113,@,77397,76398
134114,@,77398,76827
134115,@,77399,76398
134116,@,77400,67494
134117,@,77401,66060
134118,@,77402,70984
134119,@,77405,77404
134120,@,77406,77404
134121,@,77407,77404
134122,@,77408,77407
134123,@,77410,77409
134124,@,77411,77409
134125,@,77412,77612
134126,@,77413,72452
134127,@,77414,77596
134128,@,77417,77415
134129,@,77419,77418
134130,@,77420,77418
134131,@,77421,77420
134132,@,77422,77420
134133,@,77423,77409
134134,@,77424,77409
134135,@,77425,77424
134136,@,77427,77426
134137,@,77428,77426
134138,@,77429,77426
134139,@,77430,77612
134140,@,77431,77430
134141,@,77432,77431
134142,@,77433,77084
134143,@,77434,77433
134144,*,77436,77404
134145,@,77437,77436
134146,@,77439,77436
134147,@,77318,69378
134148,@,77442,77436
134149,@,77443,77436
134150,@,77444,77436
134151,@,77445,77436
134152,@,77447,77596
134153,@,77449,77448
134154,@,77450,77448
134155,@,77451,77448
134156,@,77454,77409
134157,*,77455,77435
134158,@,77456,66537
134159,@,77457,77455
134160,@,77458,77455
134161,@,77459,77455
134162,@,77461,77460
134163,@,77462,77409
134164,*,77463,77435
134165,*,77464,66438
134166,@,77464,70702
134167,@,77465,67582
134168,@,77466,67582
134169,@,77468,77467
134170,@,77469,77467
134171,@,77470,77467
134172,@,77471,77470
134173,@,77473,71927
134174,@,77476,71927
134175,@,77477,77671
134176,@,77479,77478
134177,@,77480,77478
134178,@,77481,77480
134179,@,77482,77481
134180,@,77483,77480
134181,@,77484,77479
134182,@,77485,66521
134183,@,77486,77478
134184,@,77487,77490
134185,@,77488,77490
134186,@,77489,77480
134187,@,77490,67680
134188,@,77491,77490
134189,@,77492,77490
134190,@,77493,77492
134191,@,77495,77494
134192,@,77498,77496
134193,@,77499,77496
134194,@,77501,77500
134195,@,77502,77516
134196,@,77503,77516
134197,@,77505,77504
134198,@,77506,77504
134199,@,77507,77504
134200,@,77508,77504
134201,@,77509,77508
134202,@,77510,77504
134203,@,77511,77512
134204,@,77512,77504
134205,@,77514,77513
134206,*,77516,77504
134207,@,77517,77516
134208,@,77518,77516
134209,@,77519,77409
134210,@,77521,77513
134211,@,77522,77409
134212,@,77523,67494
134213,@,77524,77522
134214,@,77525,77524
134215,@,77526,77516
134216,@,77527,77533
134217,@,77528,77409
134218,@,77529,77530
134219,@,77530,77533
134220,@,77531,77533
134221,@,77532,77531
134222,@,77533,73143
134223,@,77534,66567
134224,@,77535,77496
134225,@,77536,77535
134226,@,77537,66622
134227,@,77538,69927
134228,@,77540,77539
134229,>,77541,77543
134230,@,77541,77718
134231,@,77542,77409
134232,@,77544,77543
134233,@,77545,77543
134234,@,77546,77409
134235,@,77547,77409
134236,@,77548,77547
134237,@,77549,76591
134238,@,77550,76591
134239,@,77551,75458
134240,@,77552,77554
134241,@,77553,77554
134242,*,77554,68928
134243,@,77555,77554
134244,@,77556,77560
134245,@,77557,77556
134246,@,77559,77558
134247,@,77441,77436
134248,*,77562,76857
134249,*,77562,69384
134250,@,77562,77560
134251,@,77563,77562
134252,@,77564,77562
134253,@,77565,77562
134254,@,77566,77562
134255,@,77567,77562
134256,@,77570,77569
134257,@,77571,77569
134258,@,77572,77573
134259,@,77573,77409
134260,@,77574,77573
134261,@,77575,77569
134262,@,77576,77409
134263,@,77577,77576
134264,@,77578,77409
134265,@,77579,77409
134266,@,77580,77114
134267,@,77581,77580
134268,@,77582,77580
134269,@,77583,66537
134270,@,77584,77819
134271,@,77585,77712
134272,@,77586,77585
134273,@,77587,77404
134274,@,77589,77612
134275,@,77590,66918
134276,@,77591,77589
134277,@,77592,77589
134278,@,77593,77589
134279,@,77594,77588
134280,@,77595,77588
134281,@,77596,77612
134282,@,77597,77596
134283,@,77598,76771
134284,@,77599,77598
134285,@,77600,77596
134286,@,77601,77600
134287,@,77602,74166
134288,@,77603,77598
134289,@,77604,77404
134290,@,77605,77604
134291,@,77606,77604
134292,@,77609,77612
134293,@,77610,77609
134294,@,77611,77609
134295,@,77613,77612
134296,@,77614,77409
134297,@,77615,76771
134298,@,77616,77617
134299,@,77617,76241
134300,@,77618,77596
134301,@,77619,76771
134302,@,77620,77588
134303,@,77621,77649
134304,@,77623,77621
134305,@,77624,77621
134306,@,77625,77621
134307,@,77626,77621
134308,@,77627,77621
134309,@,77628,77621
134310,@,77630,77621
134311,@,77631,66632
134312,@,77632,77997
134313,@,77633,77632
134314,>,77634,77632
134315,@,77634,67312
134316,@,77635,77407
134317,@,77636,77635
134318,@,77637,77885
134319,@,77638,77409
134320,@,77639,77642
134321,@,77640,77657
134322,@,77641,77657
134323,@,77643,77640
134324,@,77644,77621
134325,@,77645,77867
134326,@,77646,77409
134327,@,77647,77409
134328,@,77651,77650
134329,@,77652,77621
134330,@,77653,77652
134331,@,77654,77652
134332,@,77655,77652
134333,@,77656,77652
134334,@,77658,77660
134335,@,77659,77658
134336,@,77660,77657
134337,@,77661,77660
134338,@,77662,66521
134339,@,77663,66521
134340,@,77664,77661
134341,@,77665,77621
134342,@,77666,77665
134343,@,77668,77621
134344,@,77669,77687
134345,@,77671,77680
134346,@,77673,73235
134347,@,77561,77560
134348,@,77676,77853
134349,@,77677,77675
134350,@,77678,77675
134351,@,77680,77665
134352,@,77681,70550
134353,@,77682,77684
134354,@,77683,77682
134355,@,77684,68010
134356,@,77688,77409
134357,@,77689,77687
134358,@,77690,75411
134359,@,77691,77478
134360,@,77692,77652
134361,@,77693,77652
134362,@,77694,77692
134363,@,77695,77090
134364,@,77696,77680
134365,@,77698,77697
134366,@,77699,77697
134367,@,77700,77697
134368,@,77701,76734
134369,@,77702,77701
134370,@,77703,76607
134371,@,77704,77701
134372,@,77706,77705
134373,@,77707,77697
134374,@,77709,77671
134375,@,77711,77712
134376,@,77712,77718
134377,@,77713,77715
134378,@,77714,77715
134379,@,77716,77715
134380,>,77717,77716
134381,@,77719,77718
134382,@,77720,77718
134383,@,77721,77718
134384,@,77722,77731
134385,@,77723,77724
134386,@,77724,77418
134387,@,77725,77724
134388,@,77726,77731
134389,@,77727,69327
134390,@,77728,77731
134391,@,77729,77724
134392,@,77731,76398
134393,@,77732,77743
134394,@,77733,77612
134395,@,77734,77612
134396,@,77735,77612
134397,>,77736,77734
134398,@,77736,75048
134399,@,77737,77734
134400,@,77738,77734
134401,*,77740,70550
134402,@,77741,77810
134403,@,77742,77741
134404,@,77743,77612
134405,@,77744,77743
134406,@,77745,77743
134407,@,77746,77743
134408,@,77747,77743
134409,@,77748,77612
134410,@,77750,77467
134411,@,77751,77750
134412,@,77752,77612
134413,@,77753,77752
134414,@,77754,77752
134415,@,77755,77752
134416,@,77756,77752
134417,@,77757,77752
134418,@,77758,77612
134419,@,77759,77752
134420,@,77760,77752
134421,@,77761,77752
134422,@,77762,77612
134423,@,77763,77409
134424,@,77764,77752
134425,@,77765,77752
134426,@,77766,77752
134427,@,77767,77766
134428,@,77769,77767
134429,@,77770,69879
134430,@,77771,77770
134431,@,77772,77770
134432,@,77773,77752
134433,@,77774,77773
134434,@,77775,77776
134435,@,77776,75411
134436,@,77777,75411
134437,@,77778,77404
134438,@,77779,72516
134439,@,77780,67061
134440,@,77781,69529
134441,@,77782,68779
134442,@,77783,77782
134443,@,77784,77782
134444,@,77785,77409
134445,@,77786,77785
134446,@,77788,69529
134447,@,77675,77671
134448,@,77791,77621
134449,@,77792,77621
134450,@,77793,77792
134451,@,77796,77516
134452,@,77797,77409
134453,@,77798,77797
134454,@,77799,77796
134455,@,77800,77796
134456,@,77802,70746
134457,@,77803,77816
134458,@,77804,77409
134459,@,77805,77804
134460,@,77806,77665
134461,@,77807,66537
134462,@,77809,77808
134463,@,77810,77752
134464,@,77811,77862
134465,@,77812,77862
134466,@,77813,77812
134467,@,77814,77656
134468,@,77815,72444
134469,@,77816,77409
134470,@,77817,68143
134471,@,77818,77816
134472,@,77819,77816
134473,@,77820,77819
134474,@,77822,77819
134475,@,77823,77516
134476,@,77824,77467
134477,@,77825,77687
134478,@,77827,77612
134479,@,77828,68874
134480,@,77829,77554
134481,@,77830,77829
134482,@,77831,75538
134483,@,77832,77409
134484,@,77833,70746
134485,@,77834,66536
134486,@,77835,77833
134487,@,77836,77833
134488,@,77838,77839
134489,@,77839,77934
134490,@,77840,77796
134491,@,77841,77840
134492,@,77844,77843
134493,@,77845,77843
134494,@,77846,77843
134495,@,77847,77843
134496,@,77848,77843
134497,@,77849,77843
134498,@,77850,77843
134499,@,77851,77843
134500,@,77852,77851
134501,@,77853,77843
134502,@,77854,77843
134503,@,77855,77843
134504,@,77856,77843
134505,@,77857,77843
134506,@,77859,77858
134507,@,77860,77861
134508,@,77862,77864
134509,@,77863,77862
134510,@,77865,77864
134511,@,77866,77864
134512,@,77868,77621
134513,>,77871,77872
134514,@,77871,74743
134515,@,77872,77752
134516,@,77874,77873
134517,@,77875,77873
134518,@,77876,77873
134519,@,77877,77873
134520,@,77878,77873
134521,@,77879,77832
134522,@,77880,77409
134523,@,77881,77504
134524,@,77882,77504
134525,@,77883,77426
134526,@,77884,77879
134527,@,77886,77885
134528,@,77888,77885
134529,@,77889,77504
134530,@,77890,74736
134531,@,77891,72516
134532,@,77892,77891
134533,@,77893,77684
134534,@,77894,77684
134535,@,77895,77621
134536,@,77896,77621
134537,@,77897,77896
134538,@,77898,77409
134539,@,77899,77409
134540,@,77900,77858
134541,*,77901,73802
134542,@,77913,68939
134543,@,77914,77913
134544,@,77915,77409
134545,@,77917,77524
134546,@,77919,77612
134547,@,77790,77621
134548,@,77922,70372
134549,@,77923,77409
134550,@,77924,77409
134551,@,77925,76288
134552,@,77926,67493
134553,@,77927,77752
134554,@,77928,77409
134555,@,77930,77467
134556,@,77932,77409
134557,@,77933,66060
134558,@,77934,68669
134559,@,77935,77612
134560,@,77936,76398
134561,@,77938,77781
134562,@,77939,73185
134563,@,77940,77840
134564,@,77941,67279
134565,@,77942,77409
134566,@,77943,77409
134567,@,77944,77409
134568,@,77945,77409
134569,@,77946,77409
134570,@,77948,77947
134571,@,77949,77947
134572,@,77950,77947
134573,@,77951,77409
134574,@,77953,77409
134575,@,77954,77409
134576,@,77955,77409
134577,@,77956,77409
134578,@,77957,77816
134579,@,77958,77955
134580,@,77959,77955
134581,@,77960,77409
134582,@,77961,77409
134583,@,77962,66545
134584,@,77963,77409
134585,@,77964,77963
134586,@,77965,77409
134587,@,77966,75727
134588,@,77967,77409
134589,@,77968,75411
134590,@,77969,77968
134591,@,77970,77504
134592,@,77973,77426
134593,@,77974,68788
134594,@,77975,77645
134595,@,77976,77409
134596,@,77977,77915
134597,@,77978,77409
134598,@,77979,77814
134599,@,77980,77409
134600,@,77981,66631
134601,@,77983,70805
134602,@,77984,77409
134603,@,77985,77734
134604,@,77987,77409
134605,@,77988,77409
134606,@,77989,77409
134607,@,77992,66536
134608,@,77993,77409
134609,@,77994,77409
134610,@,77996,77409
134611,@,77997,77409
134612,@,77998,77673
134613,@,77999,77942
134614,@,78001,77409
134615,@,78002,77897
134616,@,78003,75428
134617,@,78004,77409
134618,@,78006,77409
134619,@,78007,77409
134620,@,78008,77612
134621,@,78009,77671
134622,@,78010,67641
134623,@,78011,78013
134624,@,78012,78013
134625,@,78013,77409
134626,@,78014,78013
134627,@,78015,77597
134628,@,78017,66548
134629,@,78018,73439
134630,@,78019,77660
134631,@,78020,77409
134632,@,78021,77504
134633,@,78022,77554
134634,@,78023,70163
134635,@,78024,77409
134636,@,78029,78028
134637,@,78030,77409
134638,@,78033,77409
134639,@,78037,77761
134640,@,78038,77409
134641,@,78039,77409
134642,@,78040,77409
134643,@,78041,77415
134644,@,78042,77612
134645,@,78043,77404
134646,@,78048,77409
134647,@,77921,77922
134648,@,78052,77409
134649,@,78053,77409
134650,@,78054,77409
134651,@,78055,77409
134652,@,78056,77409
134653,@,78057,77409
134654,@,78058,66558
134655,@,78059,77418
134656,@,78061,77409
134657,@,78062,77409
134658,@,78063,76398
134659,@,78064,76398
134660,@,78065,77409
134661,@,78066,77409
134662,@,78067,77409
134663,@,78068,77409
134664,@,78069,66521
134665,@,78070,77409
134666,@,78071,71199
134667,@,78072,71199
134668,@,78073,71199
134669,@,78074,71199
134670,@,78075,78076
134671,*,78076,67612
134672,@,78077,78076
134673,@,78078,66622
134674,@,78080,78075
134675,@,78081,78075
134676,@,78082,78075
134677,@,78083,78082
134678,@,78084,78082
134679,*,78085,78086
134680,@,78085,66521
134681,@,78087,78076
134682,@,78088,78076
134683,@,78089,78076
134684,@,78090,67660
134685,>,78091,67660
134686,@,78091,78104
134687,*,78092,78091
134688,@,78092,78104
134689,@,78093,78091
134690,@,78094,78101
134691,@,78095,66622
134692,@,78097,78095
134693,@,78098,78091
134694,@,78099,78098
134695,@,78100,78113
134696,@,78102,78101
134697,@,78103,67376
134698,>,78104,67660
134699,@,78105,67660
134700,@,78106,78111
134701,@,78107,78111
134702,>,78108,78111
134703,@,78109,78111
134704,@,78110,78111
134705,@,78112,78111
134706,@,78113,78091
134707,@,78114,78091
134708,@,78115,67660
134709,@,78116,78111
134710,@,78118,78111
134711,@,78119,78123
134712,@,78120,78123
134713,@,78122,78121
134714,@,78123,78128
134715,@,78124,78123
134716,@,78125,78128
134717,@,78126,75425
134718,@,78127,78128
134719,@,78129,78128
134720,@,78130,78128
134721,@,78131,78128
134722,@,78132,78128
134723,@,78133,78128
134724,@,78134,67376
134725,@,78135,78111
134726,@,78136,78135
134727,@,78138,78137
134728,@,78140,78137
134729,@,78141,78137
134730,*,78142,78075
134731,@,78143,78137
134732,*,78144,78140
134733,@,78145,67361
134734,@,78146,67367
134735,@,78148,67110
134736,@,78149,66929
134737,@,78150,66939
134738,@,78151,78145
134739,@,78152,78104
134740,@,102548,66652
134741,@,102549,67041
134742,@,102550,67883
134743,@,102551,68053
134744,@,102552,68161
134745,@,102553,69448
134746,@,102555,72584
134747,@,78050,77573
134748,@,102558,72584
134749,@,102559,72726
134750,@,102560,72838
134751,@,102561,73290
134752,@,102562,75736
134753,@,102563,75770
134754,@,102564,75770
134755,@,102565,75770
134756,@,102567,75878
134757,@,102568,75908
134758,@,102569,75965
134759,@,102570,76166
134760,@,102571,76317
134761,@,102572,76562
134762,@,102573,76562
134763,@,102574,76704
134764,@,102069,74921
134765,*,102070,67937
134766,@,102071,77006
134767,@,102072,67904
134768,@,102781,69266
134769,@,102073,73998
134770,@,102075,74989
134771,@,102783,74066
134772,@,102082,102081
134773,*,102084,70550
134774,@,102826,69529
134775,@,102826,77529
134776,@,102827,77070
134777,@,102829,74769
134778,@,78005,77480
134779,@,102832,66567
134780,@,102847,66686
134781,@,102848,68622
134782,@,102850,73742
134783,@,102851,77370
134784,@,102985,66632
134785,@,103021,74658
134786,@,103022,74649
134787,@,103080,68932
134788,@,103093,74354
134789,@,103094,68164
134790,@,103095,70489
134791,@,103096,67523
134792,@,103101,69508
134793,@,103107,77697
134794,@,103109,69162
134795,@,103110,72981
134796,@,103112,77504
134797,@,103115,68707
134798,@,103116,69918
134799,@,103117,69162
134800,@,103118,75301
134801,@,103119,75301
134803,@,102557,72584
